,name,chamber,party,screen_name,account_type
0,Don Young,house,R,repdonyoung,office
1,Don Young,house,R,DonYoungAK,campaign
2,Bradley Byrne,house,R,BradleyByrne,campaign
3,Bradley Byrne,house,R,RepByrne,office
4,Felix Moore,house,R,BarryMoore,campaign
5,Felix Moore,house,R,RepBarryMoore,office
6,Gary Palmer,house,R,Palmer4Alabama,campaign
7,Gary Palmer,house,R,USRepGaryPalmer,office
8,Jerry Carl,house,R,CarlForAlabama,campaign
9,Jerry Carl,house,R,RepJerryCarl,office
10,Martha Roby,house,R,TeamRoby,campaign
11,Martha Roby,house,R,MarthaRobyAL,office
12,Mike Rogers,house,R,RepMikeRogersAL,office
13,Mike Rogers,house,R,MikeRogersCamp,campaign
14,Mo Brooks,house,R,Mobrooks,campaign
15,Mo Brooks,house,R,RepMoBrooks,office
16,Robert Aderholt,house,R,Robert_Aderholt,office
17,Robert Aderholt,house,R,CongAderholt,campaign
18,Terri Sewell,house,D,Sewell4Congress,campaign
19,Terri Sewell,house,D,RepTerriSewell,office
20,Bruce Westerman,house,R,bruce_westerman,campaign
21,Bruce Westerman,house,R,WestermanAR,campaign
22,Bruce Westerman,house,R,RepWesterman,office
23,French Hill,house,R,ElectFrench,campaign
24,French Hill,house,R,RepFrenchHill,office
25,Rick Crawford,house,R,Crawford4Cong,campaign
26,Rick Crawford,house,R,RepRickCrawford,office
27,Steve Womack,house,R,womack4congress,campaign
28,Steve Womack,house,R,rep_stevewomack,office
29,Amata Coleman Radewagen,house,R,RepAmata,office
30,Andy Biggs,house,R,RepAndyBiggsAZ,office
31,Andy Biggs,house,R,andybiggs4az,campaign
32,Ann Kirkpatrick,house,D,Ann_Kirkpatrick,campaign
33,Ann Kirkpatrick,house,D,RepKirkpatrick,office
34,David Schweikert,house,R,DavidSchweikert,campaign
35,David Schweikert,house,R,RepDavid,office
36,Debbie Lesko,house,R,DebbieLesko,campaign
37,Debbie Lesko,house,R,RepDLesko,office
38,Greg Stanton,house,D,gregstantonaz,campaign
39,Greg Stanton,house,D,RepGregStanton,office
40,Paul Gosar,house,R,RepGosar,office
41,Paul Gosar,house,R,DrPaulGosar,campaign
42,Raul Grijalva,house,D,RepRaulGrijalva,office
43,Raul Grijalva,house,D,standwithraul,campaign
44,Ruben Gallego,house,D,RubenGallego,campaign
45,Ruben Gallego,house,D,RepRubenGallego,office
46,Tom O'Halleran,house,D,TomOHalleran,campaign
47,Tom O'Halleran,house,D,RepOHalleran,office
48,Trent Franks,house,R,RepTrentFranks,office
49,Adam Schiff,house,D,RepAdamSchiff,office
50,Adam Schiff,house,D,AdamSchiff,campaign
51,Alan Lowenthal,house,D,alanlowenthal,campaign
52,Alan Lowenthal,house,D,RepLowenthal,office
53,Ami Bera,house,D,BeraForCongress,campaign
54,Ami Bera,house,D,RepBera,office
55,Anna Eshoo,house,D,RepAnnaEshoo,office
56,Anna Eshoo,house,D,Eshoo4Congress,campaign
57,Barbara Lee,house,D,BarbaraLeeSays,campaign
58,Barbara Lee,house,D,RepBarbaraLee,office
59,Barbara Lee,house,D,BLeeForCongress,campaign
60,Brad Sherman,house,D,BradSherman,office
61,Brad Sherman,house,D,BradSherman4SFV,campaign
62,Dana Rohrabacher,house,R,DanaRohrabacher,campaign
63,Dana Rohrabacher,house,R,RepRohrabacher,office
64,Darrell Issa,house,R,DarrellIssa,office
65,Darrell Issa,house,R,repdarrellissa,campaign
66,David Valadao,house,R,dgvaladao,campaign
67,David Valadao,house,R,RepDavidValadao,office
68,Devin Nunes,house,R,DevinNunes,office
69,Devin Nunes,house,R,RepDevinNunes,office
70,Devin Nunes,house,R,DevinGNunes,campaign
71,Doris Matsui,house,D,DorisMatsui,office
72,Doris Matsui,house,D,Matsui4Congress,campaign
73,Doug LaMalfa,house,R,DougLaMalfa,campaign
74,Doug LaMalfa,house,R,RepLaMalfa,office
75,Duncan Hunter,house,R,Rep_Hunter,office
76,Ed Royce,house,R,EdRRoyce,campaign
77,Ed Royce,house,R,RepEdRoyce,office
78,Eric Swalwell,house,D,ericswalwell,campaign
79,Eric Swalwell,house,D,RepSwalwell,office
80,Gil Cisneros,house,D,RepGilCisneros,office
81,Gil Cisneros,house,D,GilCisnerosCA,campaign
82,Grace Napolitano,house,D,gracenapolitano,office
83,Grace Napolitano,house,D,grace4congress,campaign
84,Harley Rouda,house,D,HarleyRouda,campaign
85,Harley Rouda,house,D,RepHarley,office
86,Jackie Speier,house,D,RepSpeier,office
87,Jackie Speier,house,D,JackieSpeier,campaign
88,Jared Huffman,house,D,JaredHuffman,campaign
89,Jared Huffman,house,D,RepHuffman,office
90,Jay Obernolte,house,R,JayObernolte,office
91,Jay Obernolte,house,R,TeamObernolte,campaign
92,Jeff Denham,house,R,JeffDenham,campaign
93,Jeff Denham,house,R,RepJeffDenham,office
94,Jerry McNerney,house,D,jerrymcnerney,campaign
95,Jerry McNerney,house,D,RepMcNerney,office
96,Jim Costa,house,D,RepJimCosta,office
97,Jimmy Gomez,house,D,JimmyGomezCA,campaign
98,Jimmy Gomez,house,D,RepJimmyGomez,office
99,Jimmy Panetta,house,D,JimmyPanetta,campaign
100,Jimmy Panetta,house,D,RepJimmyPanetta,office
101,John Garamendi,house,D,JohnGaramendi,campaign
102,John Garamendi,house,D,RepGaramendi,office
103,Josh Harder,house,D,JoshHarder,campaign
104,Josh Harder,house,D,RepJoshHarder,office
105,Juan Vargas,house,D,RepJuanVargas,office
106,Juan Vargas,house,D,JuanVargas4CA,campaign
107,Judy Chu,house,D,RepJudyChu,office
108,Judy Chu,house,D,JudyChuCampaign,campaign
109,Julia Brownley,house,D,JuliaBrownley,campaign
110,Julia Brownley,house,D,RepBrownley,office
111,Karen Bass,house,D,KarenBassTweets,campaign
112,Karen Bass,house,D,RepKarenBass,office
113,Katie Hill,house,D,RepKatieHill,office
114,Katie Hill,house,D,KatieHill4CA,campaign
115,Katie Porter,house,D,katieporteroc,campaign
116,Katie Porter,house,D,RepKatiePorter,office
117,Ken Calvert,house,R,KenCalvert,office
118,Ken Calvert,house,R,TeamCalvert,campaign
119,Kevin McCarthy,house,R,kevinomccarthy,campaign
120,Kevin McCarthy,house,R,GOPLeader,office
121,Linda Sanchez,house,D,RepLindaSanchez,office
122,Linda Sanchez,house,D,LindaTSanchez,campaign
123,Lou Correa,house,D,RepLouCorrea,office
124,Lou Correa,house,D,voteloucorrea,campaign
125,Lucille Roybal-Allard,house,D,RepRoybalAllard,office
126,Lucille Roybal-Allard,house,D,LRAforCongress,campaign
127,Mark DeSaulnier,house,D,MarkDeSaulnier,campaign
128,Mark DeSaulnier,house,D,RepDeSaulnier,office
129,Mark Takano,house,D,MarkTakano,campaign
130,Mark Takano,house,D,RepMarkTakano,office
131,Maxine Waters,house,D,RepMaxineWaters,office
132,Maxine Waters,house,D,MaxineWaters,campaign
133,Michelle Steel,house,R,RepSteel,office
134,Michelle Steel,house,R,MichelleSteelCA,campaign
135,Mike Garcia,house,R,ElectMikeGarcia,campaign
136,Mike Garcia,house,R,repmikegarcia,office
137,Mike Levin,house,D,MikeLevin,campaign
138,Mike Levin,house,D,RepMikeLevin,office
139,Mike Thompson,house,D,RepThompson,office
140,Mike Thompson,house,D,Mike_CA05,campaign
141,Mimi Walters,house,R,RepMimiWalters,office
142,Mimi Walters,house,R,MimiWaltersCA,campaign
143,Nancy Pelosi,house,D,SpeakerPelosi,office
144,Nancy Pelosi,house,D,TeamPelosi,campaign
145,Nanette Barragan,house,D,Nanette4CA,campaign
146,Nanette Barragan,house,D,RepBarragan,office
147,Norma Torres,house,D,NormaJTorres,office
148,Norma Torres,house,D,Norma4Congress,campaign
149,Paul Cook,house,R,joinpaulcook,campaign
150,Paul Cook,house,R,ColPaulCookRet,office
151,Pete Aguilar,house,D,aguilarpete,campaign
152,Pete Aguilar,house,D,RepPeteAguilar,office
153,Pete Aguilar,house,D,AguilarCampaign,campaign
154,Raul Ruiz,house,D,Dr_RaulRuiz,campaign
155,Raul Ruiz,house,D,RepRaulRuizMD,office
156,Ro Khanna,house,D,RoKhanna,campaign
157,Ro Khanna,house,D,RepRoKhanna,office
158,Salud Carbajal,house,D,carbajalsalud,campaign
159,Salud Carbajal,house,D,RepCarbajal,office
160,Sara Jacobs,house,D,SaraJacobsCA,campaign
161,Sara Jacobs,house,D,RepSaraJacobs,office
162,Scott Peters,house,D,ScottPetersSD,campaign
163,Scott Peters,house,D,ScottPetersCA52,campaign
164,Scott Peters,house,D,RepScottPeters,office
165,Steve Knight,house,R,Knight4Congress,campaign
166,Steve Knight,house,R,SteveKnight25,office
167,Steve Knight,house,R,teamknight25,campaign
168,Susan Davis,house,D,RepSusanDavis,office
169,TJ Cox,house,D,RepTjCox,office
170,TJ Cox,house,D,TJCoxCongress,campaign
171,Ted Lieu,house,D,tedlieu,campaign
172,Ted Lieu,house,D,RepTedLieu,office
173,Tom McClintock,house,R,tommcclintock,campaign
174,Tom McClintock,house,R,RepMcClintock,office
175,Tony Cardenas,house,D,RepCardenas,office
176,Tony Cardenas,house,D,Tcardenas,campaign
177,Young Kim,house,R,YoungKimCA,campaign
178,Young Kim,house,R,RepYoungKim,office
179,Zoe Lofgren,house,D,RepZoeLofgren,office
180,Zoe Lofgren,house,D,ZoeLofgren,campaign
181,Diana DeGette,house,D,RepDianaDeGette,office
182,Diana DeGette,house,D,DeGette5280,campaign
183,Doug Lamborn,house,R,DougLambornCD5,campaign
184,Doug Lamborn,house,R,RepDLamborn,office
185,Ed Perlmutter,house,D,RepPerlmutter,office
186,Ed Perlmutter,house,D,Ed4Colorado,campaign
187,Jared Polis,house,D,jaredpolis,office
188,Jared Polis,house,D,RepJaredPolis,office
189,Jason Crow,house,D,RepJasonCrow,office
190,Jason Crow,house,D,JasonCrowCO,campaign
191,Joe Neguse,house,D,JoeNeguse,campaign
192,Joe Neguse,house,D,RepJoeNeguse,office
193,Ken Buck,house,R,BuckForColorado,campaign
194,Ken Buck,house,R,RepKenBuck,office
195,Lauren Boebert,house,R,RepBoebert,office
196,Lauren Boebert,house,R,laurenboebert,campaign
197,Mike Coffman,house,R,RepMikeCoffman,office
198,Mike Coffman,house,R,coffmanforco,campaign
199,Scott Tipton,house,R,ScottRTipton,campaign
200,Scott Tipton,house,R,RepTipton,office
201,Elzabeth Esty,house,D,ElizabethEstyCT,campaign
202,Elzabeth Esty,house,D,RepEsty,office
203,Jahana Hayes,house,D,RepJahanaHayes,office
204,Jahana Hayes,house,D,JahanaHayesCT,campaign
205,Jahana Hayes,house,D,JahanaHayes,campaign
206,Jim Himes,house,D,jahimes,office
207,Joe Courtney,house,D,RepJoeCourtney,office
208,Joe Courtney,house,D,JoeCourtneyCT,campaign
209,John B. Larson,house,D,RepJohnLarson,office
210,John B. Larson,house,D,JohnLarsonCT,campaign
211,Rosa DeLauro,house,D,rosadelauro,office
212,Rosa DeLauro,house,D,Rosa_DeLauro,campaign
213,Eleanor Holmes Norton,house,D,EleanorNorton,office
214,Eleanor Holmes Norton,house,D,eleanor4dc,campaign
215,Lisa Blunt Rochester,house,D,LisaBRochester,campaign
216,Lisa Blunt Rochester,house,D,RepLBR,office
217,Al Lawson,house,D,AlLawsonJr,campaign
218,Al Lawson,house,D,RepAlLawsonJr,office
219,Alcee Hastings,house,D,alcee4congress,campaign
220,Alcee Hastings,house,D,RepHastingsFL,office
221,Bill Posey,house,R,congbillposey,office
222,Bill Posey,house,R,PoseyCampaign,campaign
223,Brian Mast,house,R,BrianMastFL,campaign
224,Brian Mast,house,R,RepBrianMast,office
225,Byron Donalds,house,R,ByronDonalds,campaign
226,Byron Donalds,house,R,RepDonaldsPress,office
227,Carlos Curbelo,house,R,CLCurbelo,campaign
228,Carlos Curbelo,house,R,RepCurbelo,office
229,Carlos Gimenez,house,R,RepCarlos,office
230,Carlos Gimenez,house,R,CarlosGimenezFL,campaign
231,Charlie Crist,house,D,CharlieCrist,campaign
232,Charlie Crist,house,D,RepCharlieCrist,office
233,Daniel Webster,house,R,WebsterCongress,campaign
234,Daniel Webster,house,R,RepWebster,office
235,Darren Soto,house,D,DarrenSoto,campaign
236,Darren Soto,house,D,RepDarrenSoto,office
237,Debbie Mucarsel-Powell,house,D,RepDMP,office
238,Debbie Mucarsel-Powell,house,D,DebbieforFL,campaign
239,Debbie Wasserman Schultz,house,D,DWStweets,campaign
240,Debbie Wasserman Schultz,house,D,RepDWStweets,office
241,Dennis A. Ross,house,R,RepDennisRoss,office
242,Donna Shalala,house,D,RepShalala,office
243,Donna Shalala,house,D,DonnaShalala,campaign
244,Francis Rooney,house,R,RepRooney,office
245,Francis Rooney,house,R,FrancisRooney,campaign
246,Frederica Wilson,house,D,RepWilson,office
247,Frederica Wilson,house,D,TeamFSWilson,campaign
248,Greg Steube,house,R,gregsteube,campaign
249,Greg Steube,house,R,RepGregSteube,office
250,Gus Bilirakis,house,R,RepGusBilirakis,office
251,Gus Bilirakis,house,R,Bilirakis,campaign
252,Ileana Ros-Lehtinen,house,R,RosLehtinenCamp,campaign
253,Ileana Ros-Lehtinen,house,R,RosLehtinen,office
254,John Rutherford,house,R,RepRutherfordFL,office
255,John Rutherford,house,R,JRutherfordFL,campaign
256,Katherine Cammack,house,R,RepKatCammack,office
257,Katherine Cammack,house,R,Kat_Cammack,campaign
258,Kathy Castor,house,D,USRepKCastor,office
259,Kathy Castor,house,D,KathyCastorFL,campaign
260,Lois Frankel,house,D,LoisFrankel,campaign
261,Lois Frankel,house,D,RepLoisFrankel,office
262,Maria Salazar,house,R,MaElviraSalazar,campaign
263,Maria Salazar,house,R,RepMariaSalazar,office
264,Mario Diaz-Balart,house,R,MarioDB,office
265,Mario Diaz-Balart,house,R,MarioDBCamp,campaign
266,Matt Gaetz,house,R,mattgaetz,campaign
267,Matt Gaetz,house,R,RepMattGaetz,office
268,Michael Waltz,house,R,michaelgwaltz,campaign
269,Michael Waltz,house,R,RepWaltzPress,office
270,Neal Dunn,house,R,DrNealDunn,campaign
271,Neal Dunn,house,R,DunnCampaign,campaign
272,Neal Dunn,house,R,DrNealDunnFL2,office
273,Ron DeSantis,house,R,RonDeSantisFL,campaign
274,Ron DeSantis,house,R,RepDeSantis,office
275,Ross Spano,house,R,RossSpano,campaign
276,Ross Spano,house,R,RepRossSpano,office
277,Scott Franklin,house,R,RepFranklin,office
278,Scott Franklin,house,R,ScottFranklinFL,campaign
279,Stephanie Murphy,house,D,RepStephMurphy,office
280,Stephanie Murphy,house,D,SMurphyCongress,campaign
281,Ted Deutch,house,D,TedDeutch,campaign
282,Ted Deutch,house,D,TedforCongress,campaign
283,Ted Deutch,house,D,RepTedDeutch,office
284,Ted Yoho,house,R,TedYoho,campaign
285,Ted Yoho,house,R,RepTedYoho,office
286,Tom Rooney,house,R,TomRooney,office
287,Tom Rooney,house,R,Rooney4Congress,campaign
288,Val Demings,house,D,valdemings,campaign
289,Val Demings,house,D,RepValDemings,office
290,Vern Buchanan,house,R,VernBuchanan,office
291,Vern Buchanan,house,R,Vern2014,campaign
292,Austin Scott,house,R,AustinScott4GA,campaign
293,Austin Scott,house,R,AustinScottGA08,office
294,Barry Loudermilk,house,R,standwithbarry,campaign
295,Barry Loudermilk,house,R,RepLoudermilk,office
296,Buddy Carter,house,R,Buddy_Carter,campaign
297,Buddy Carter,house,R,Carter4Congress,campaign
298,Buddy Carter,house,R,RepBuddyCarter,office
299,Carolyn Bourdeaux,house,D,RepBourdeaux,office
300,Carolyn Bourdeaux,house,D,Carolyn4GA7,campaign
301,David Scott,house,D,repdavidscott,office
302,David Scott,house,D,Electdavidscott,campaign
303,Doug Collins,house,R,CollinsforGA,campaign
304,Doug Collins,house,R,RepDougCollins,office
305,Drew Ferguson,house,R,RepDrewFerguson,office
306,Drew Ferguson,house,R,DrewFergusonGA,campaign
307,Hank Johnson,house,D,RepHankJohnson,office
308,Hank Johnson,house,D,ReElectHank,campaign
309,Jody Hice,house,R,jodyhice,campaign
310,Jody Hice,house,R,CongressmanHice,office
311,John Lewis,house,D,repjohnlewis,office
312,Karen Handel,house,R,karenhandel,campaign
313,Karen Handel,house,R,TeamHandel,campaign
314,Karen Handel,house,R,RepKHandel,office
315,Kwanza Hall,house,D,kwanzahall,campaign
316,Lucy McBath,house,D,lucymcbath_,campaign
317,Lucy McBath,house,D,replucymcbath,office
318,Lucy McBath,house,D,lucymcbath,campaign
319,Marjorie Greene,house,R,RepMTG,office
320,Marjorie Greene,house,R,mtgreenee,campaign
321,Nikema Williams,house,D,NikemaWilliams,campaign
322,Nikema Williams,house,D,RepNikema,office
323,Rick W. Allen,house,R,rickallen,campaign
324,Rick W. Allen,house,R,RepRickAllen,office
325,Rob Woodall,house,R,RepRobWoodall,office
326,Rob Woodall,house,R,WoodallGA,campaign
327,Sanford Bishop,house,D,SanfordBishop,office
328,Tom Graves,house,R,TomGravesGA14,campaign
329,Tom Graves,house,R,RepTomGraves,office
330,Michael San Nicolas,house,D,GuamCongressman,office
331,Colleen Hanabusa,house,D,ColleenHanabusa,campaign
332,Colleen Hanabusa,house,D,RepHanabusa,office
333,Ed Case,house,D,EdCaseHawaii,campaign
334,Ed Case,house,D,RepEdCase,office
335,Kaialiʻi Kahele,house,D,RepKahele,office
336,Kaialiʻi Kahele,house,D,kaikahele,campaign
337,Tulsi Gabbard,house,D,TulsiGabbard,campaign
338,Tulsi Gabbard,house,D,TulsiPress,office
339,Abby Finkenauer,house,D,Abby4Iowa,campaign
340,Abby Finkenauer,house,D,RepFinkenauer,office
341,Ashley Hinson,house,R,hinsonashley,campaign
342,Ashley Hinson,house,R,RepAshleyHinson,office
343,Cindy Axne,house,D,RepCindyAxne,office
344,Cindy Axne,house,D,Axne4Congress,campaign
345,Dave Loebsack,house,D,daveloebsack,office
346,Dave Loebsack,house,D,DaveForIowa,campaign
347,David Young,house,R,RepDavidYoung,office
348,David Young,house,R,YoungForIowa,campaign
349,David Young,house,R,DavidYoungIA,campaign
350,Mariannette Miller-Meeks,house,R,millermeeks,campaign
351,Mariannette Miller-Meeks,house,R,RepMMM,office
352,Randy Feenstra,house,R,RandyFeenstra,campaign
353,Randy Feenstra,house,R,RepFeenstra,office
354,Rod Blum,house,R,RodBlum,campaign
355,Rod Blum,house,R,RepRodBlum,office
356,Steve King,house,R,SteveKingIA,office
357,Steve King,house,R,KingforCongress,campaign
358,Mike Simpson,house,R,CongMikeSimpson,office
359,Mike Simpson,house,R,MikeSimpson4ID,campaign
360,Raul Labrador,house,R,RaulLabrador4ID,campaign
361,Raul Labrador,house,R,Raul_Labrador,office
362,Russ Fulcher,house,R,RussFulcher,campaign
363,Russ Fulcher,house,R,RepRussFulcher,office
364,Adam Kinzinger,house,R,AdamKinzinger,campaign
365,Adam Kinzinger,house,R,RepKinzinger,office
366,Bill Foster,house,D,Foster4Congress,campaign
367,Bill Foster,house,D,RepBillFoster,office
368,Bobby Rush,house,D,RepBobbyRush,office
369,Bobby Rush,house,D,BobbyLRushMC,campaign
370,Bobby Rush,house,D,bobbyrushfor1st,campaign
371,Brad Schneider,house,D,Schneider4IL10,campaign
372,Brad Schneider,house,D,RepSchneider,office
373,Cheri Bustos,house,D,CheriBustos,campaign
374,Cheri Bustos,house,D,RepCheri,office
375,Chuy Garcia,house,D,ChuyForCongress,campaign
376,Chuy Garcia,house,D,RepChuyGarcia,office
377,Dan Lipinski,house,D,RepLipinski,office
378,Dan Lipinski,house,D,DanLipinski,campaign
379,Danny K. Davis,house,D,RepDannyDavis,office
380,Danny K. Davis,house,D,DannyKDavis7th,campaign
381,Darin LaHood,house,R,ElectLaHood,campaign
382,Darin LaHood,house,R,RepLaHood,office
383,Jan Schakowsky,house,D,janschakowsky,office
384,Jan Schakowsky,house,D,RepSchakowsky,campaign
385,John Shimkus,house,R,RepShimkus,office
386,John Shimkus,house,R,JohnMShimkus,campaign
387,Lauren Underwood,house,D,RepUnderwood,office
388,Lauren Underwood,house,D,LaurenUnderwood,campaign
389,Luis Gutiérrez,house,D,RepGutierrez,office
390,Luis Gutiérrez,house,D,LuisGutierrez,campaign
391,Marie Newman,house,D,Marie4Congress,campaign
392,Marie Newman,house,D,RepMarieNewman,office
393,Mary Miller,house,R,RepMaryMiller,office
394,Mary Miller,house,R,Miller_Congress,campaign
395,Mike Bost,house,R,BostForCongress,campaign
396,Mike Bost,house,R,RepBost,office
397,Mike Quigley,house,D,QuigleyCampaign,campaign
398,Mike Quigley,house,D,RepMikeQuigley,office
399,Peter Roskam,house,R,PeterRoskam,office
400,Raja Krishnamoorthi,house,D,RajaForCongress,campaign
401,Raja Krishnamoorthi,house,D,CongressmanRaja,office
402,Randy Hultgren,house,R,RandyHultgren,campaign
403,Randy Hultgren,house,R,RepHultgren,office
404,Robin Kelly,house,D,RobinLynneKelly,campaign
405,Robin Kelly,house,D,RepRobinKelly,office
406,Rodney Davis,house,R,ElectRodney,campaign
407,Rodney Davis,house,R,RodneyDavis,office
408,Sean Casten,house,D,SeanCasten,campaign
409,Sean Casten,house,D,RepCasten,office
410,Sean Casten,house,D,VoteCasten,campaign
411,Andre Carson,house,D,RepAndreCarson,office
412,Andre Carson,house,D,Andre4Congress,campaign
413,Frank Mrvan,house,D,RepMrvan,office
414,Greg Pence,house,R,RepGregPence,office
415,Greg Pence,house,R,GregPenceIN,campaign
416,Jackie Walorski,house,R,jackiewalorski,campaign
417,Jackie Walorski,house,R,StandWithJackie,campaign
418,Jackie Walorski,house,R,RepWalorski,office
419,Jim Baird,house,R,ElectJimBaird,campaign
420,Jim Baird,house,R,repjimbaird,office
421,Jim Banks,house,R,Jim_Banks,campaign
422,Jim Banks,house,R,RepJimBanks,office
423,Larry Bucshon,house,R,DrLarryBucshon,campaign
424,Larry Bucshon,house,R,RepLarryBucshon,office
425,Luke Messer,house,R,LukeMesserIN,campaign
426,Luke Messer,house,R,RepLukeMesser,office
427,Pete Visclosky,house,D,RepVisclosky,office
428,Pete Visclosky,house,D,TeamVisclosky,campaign
429,Susan Brooks,house,R,SusanBrooksIN,campaign
430,Susan Brooks,house,R,SusanWBrooks,office
431,Todd Rokita,house,R,ToddRokita,office
432,Todd Rokita,house,R,ToddRokitaIN,campaign
433,Trey Hollingsworth,house,R,VoteForTrey,campaign
434,Trey Hollingsworth,house,R,RepTrey,office
435,Victoria Spartz,house,R,Victoria_Spartz,campaign
436,Victoria Spartz,house,R,RepSpartz,office
437,Jacob LaTurner,house,R,RepLaTurner,office
438,Jacob LaTurner,house,R,JakeLaTurner,campaign
439,Kevin Yoder,house,R,KevinYoder,campaign
440,Kevin Yoder,house,R,RepKevinYoder,office
441,Lynn Jenkins,house,R,RepLynnJenkins,office
442,Lynn Jenkins,house,R,lynnjenkins,campaign
443,Ron Estes,house,R,RepRonEstes,office
444,Ron Estes,house,R,RonEstesKS,campaign
445,Sharice Davids,house,D,repdavids,office
446,Sharice Davids,house,D,sharicedavids,campaign
447,Steve Watkins,house,R,Steve4Kansas,campaign
448,Steve Watkins,house,R,Rep_Watkins,office
449,Tracey Mann,house,R,RepMann,office
450,Tracey Mann,house,R,TraceyMannKS,campaign
451,Andy Barr,house,R,barrforcongress,campaign
452,Andy Barr,house,R,RepAndyBarr,office
453,Brett Guthrie,house,R,brettguthrie,campaign
454,Brett Guthrie,house,R,RepGuthrie,office
455,Hal Rogers,house,R,RepHalRogers,office
456,Hal Rogers,house,R,HalRogersKY5,campaign
457,James Comer,house,R,JamesComer,campaign
458,James Comer,house,R,RepJamesComer,office
459,John Yarmuth,house,D,RepJohnYarmuth,office
460,Thomas Massie,house,R,ThomasMassieKY,campaign
461,Thomas Massie,house,R,RepThomasMassie,office
462,Thomas Massie,house,R,MassieforKY,campaign
463,Cedric Richmond,house,D,CedricRichmond,campaign
464,Cedric Richmond,house,D,RepRichmond,office
465,Clay Higgins,house,R,RepClayHiggins,office
466,Clay Higgins,house,R,CaptClayHiggins,campaign
467,Garret Graves,house,R,garretgraves,campaign
468,Garret Graves,house,R,RepGarretGraves,office
469,Mike Johnson,house,R,RepMikeJohnson,office
470,Mike Johnson,house,R,MikeJohnson,campaign
471,Ralph Abraham,house,R,DocAbraham,campaign
472,Ralph Abraham,house,R,RepAbraham,office
473,Steve Scalise,house,R,SteveScalise,office
474,Steve Scalise,house,R,SteveScaliseGOP,campaign
475,Ayanna Pressley,house,D,AyannaPressley,campaign
476,Ayanna Pressley,house,D,RepPressley,office
477,Bill Keating,house,D,WilliamKeating,campaign
478,Bill Keating,house,D,USRepKeating,office
479,Jake Auchincloss,house,D,RepAuchincloss,office
480,Jake Auchincloss,house,D,JakeAuch,campaign
481,Jim McGovern,house,D,McGovernMA,campaign
482,Jim McGovern,house,D,RepMcGovern,office
483,Joseph Kennedy III,house,D,joekennedy,campaign
484,Joseph Kennedy III,house,D,RepJoeKennedy,office
485,Katherine Clark,house,D,KatherineClark,campaign
486,Katherine Clark,house,D,RepKClark,office
487,Lori Trahan,house,D,latrahan,campaign
488,Lori Trahan,house,D,RepLoriTrahan,office
489,Lori Trahan,house,D,LoriTrahanMA,campaign
490,Mike Capuano,house,D,mikecapuano,campaign
491,Mike Capuano,house,D,RepMikeCapuano,office
492,Niki Tsongas,house,D,ntsongas,campaign
493,Niki Tsongas,house,D,nikiinthehouse,office
494,Richard Neal,house,D,RepRichardNeal,office
495,Richard Neal,house,D,NealForCongress,campaign
496,Seth Moulton,house,D,sethmoulton,campaign
497,Seth Moulton,house,D,teammoulton,office
498,Stephen Lynch,house,D,RepLynch,campaign
499,Stephen Lynch,house,D,RepStephenLynch,office
500,Andy Harris,house,R,Harris4Congress,campaign
501,Andy Harris,house,R,RepAndyHarrisMD,office
502,Anthony G. Brown,house,D,AnthonyBrownMD4,campaign
503,Anthony G. Brown,house,D,RepAnthonyBrown,office
504,David Trone,house,D,repdavidtrone,office
505,David Trone,house,D,davidjtrone,campaign
506,Dutch Ruppersberger,house,D,Call_Me_Dutch,office
507,Dutch Ruppersberger,house,D,GoDutchForMD,campaign
508,Elijah Cummings,house,D,RepCummings,office
509,Elijah Cummings,house,D,ReElectCummings,campaign
510,Jamie Raskin,house,D,jamie_raskin,campaign
511,Jamie Raskin,house,D,RepRaskin,office
512,John Delaney,house,D,JohnKDelaney,campaign
513,John Delaney,house,D,RepJohnDelaney,office
514,John Sarbanes,house,D,JohnSarbanes,campaign
515,John Sarbanes,house,D,RepSarbanes,office
516,Kweisi Mfume,house,D,Mfume4Congress,campaign
517,Kweisi Mfume,house,D,RepKweisiMfume,office
518,Steny Hoyer,house,D,LeaderHoyer,office
519,Steny Hoyer,house,D,StenyHoyer,campaign
520,Bruce Poliquin,house,R,BrucePoliquin,campaign
521,Bruce Poliquin,house,R,RepPoliquin,office
522,Chellie Pingree,house,D,chelliepingree,office
523,Chellie Pingree,house,D,PingreeForME,campaign
524,Jared Golden,house,D,repgolden,office
525,Jared Golden,house,D,golden4congress,campaign
526,Andy Levin,house,D,Andy_Levin,campaign
527,Andy Levin,house,D,RepAndyLevin,office
528,Bill Huizenga,house,R,billhuizenga,campaign
529,Bill Huizenga,house,R,RepHuizenga,office
530,Brenda Jones,house,D,VoteBrendaJones,campaign
531,Brenda Lawrence,house,D,BrendaLLawrence,campaign
532,Brenda Lawrence,house,D,RepLawrence,office
533,Dan Kildee,house,D,dankildee,campaign
534,Dan Kildee,house,D,RepDanKildee,office
535,Dave Trott,house,R,MIDaveTrott,office
536,Debbie Dingell,house,D,DebDingell,campaign
537,Debbie Dingell,house,D,RepDebDingell,office
538,Elissa Slotkin,house,D,RepSlotkin,office
539,Elissa Slotkin,house,D,ElissaSlotkin,campaign
540,Fred Upton,house,R,RepFredUpton,office
541,Fred Upton,house,R,UptonForAllOfUs,campaign
542,Haley Stevens,house,D,HaleyLive,campaign
543,Haley Stevens,house,D,RepHaleyStevens,office
544,Jack Bergman,house,R,RepJackBergman,office
545,Jack Bergman,house,R,JackBergman_MI1,campaign
546,John Conyers,house,D,RepJohnConyers,office
547,John Conyers,house,D,johnconyersjr,campaign
548,John Moolenaar,house,R,JohnMoolenaar,campaign
549,John Moolenaar,house,R,RepMoolenaar,office
550,Justin Amash,house,L,justinamash,office
551,Justin Amash,house,L,teamamash,campaign
552,Justin Amash,house,L,amashoffice,office
553,Lisa McClain,house,R,RepLisaMcClain,office
554,Lisa McClain,house,R,LisaForCongress,campaign
555,Mike Bishop,house,R,MikeBishopMI,campaign
556,Mike Bishop,house,R,ElectMikeBishop,campaign
557,Mike Bishop,house,R,RepMikeBishop,office
558,Paul Mitchell,house,I,PaulMitchell4us,campaign
559,Paul Mitchell,house,I,RepPaulMitchell,office
560,Peter Meijer,house,R,RepMeijer,office
561,Peter Meijer,house,R,VoteMeijer,campaign
562,Rashida Tlaib,house,D,RashidaTlaib,campaign
563,Rashida Tlaib,house,D,RepRashida,office
564,Sander Levin,house,D,repsandylevin,office
565,Sander Levin,house,D,Levin4Congress,campaign
566,Tim Walberg,house,R,TimWalberg,campaign
567,Tim Walberg,house,R,RepWalberg,office
568,Angie Craig,house,D,AngieCraigMN,campaign
569,Angie Craig,house,D,RepAngieCraig,office
570,Betty McCollum,house,D,VoteBetty,campaign
571,Betty McCollum,house,D,BettyMcCollum04,office
572,Collin Peterson,house,D,collinpeterson,campaign
573,Dean Phillips,house,D,deanbphillips,campaign
574,Dean Phillips,house,D,RepDeanPhillips,office
575,Erik Paulsen,house,R,ErikPaulsen,office
576,Erik Paulsen,house,R,Erik_Paulsen,campaign
577,Ilhan Omar,house,D,IlhanMN,campaign
578,Ilhan Omar,house,D,Ilhan,office
579,Jason Lewis,house,R,Jason2CD,campaign
580,Jason Lewis,house,R,RepJasonLewis,office
581,Jim Hagedorn,house,R,JimHagedornMN,campaign
582,Jim Hagedorn,house,R,RepHagedorn,office
583,Keith Ellison,house,D,keithellison,office
584,Keith Ellison,house,D,EllisonCampaign,campaign
585,Michelle Fischbach,house,R,RepFischbach,office
586,Michelle Fischbach,house,R,FischbachMN7,campaign
587,Pete Stauber,house,R,RepPeteStauber,office
588,Pete Stauber,house,R,PeteStauber,campaign
589,Rick Nolan,house,D,USRepRickNolan,office
590,Tim Walz,house,D,RepTimWalz,office
591,Tom Emmer,house,R,tomemmer,campaign
592,Tom Emmer,house,R,RepTomEmmer,office
593,Tom Emmer,house,R,EMMERPAC,campaign
594,Ann Wagner,house,R,AnnLWagner,campaign
595,Ann Wagner,house,R,RepAnnWagner,office
596,Billy Long,house,R,auctnr1,campaign
597,Billy Long,house,R,USRepLong,office
598,Blaine Luetkemeyer,house,R,RepBlaine,office
599,Blaine Luetkemeyer,house,R,LuetkemeyerB,campaign
600,Cori Bush,house,D,RepCori,office
601,Cori Bush,house,D,CoriBush,campaign
602,Emanuel Cleaver,house,D,repcleaver,office
603,Emanuel Cleaver,house,D,Vote4Cleaver,campaign
604,Jason Smith,house,R,JasonSmithMO,campaign
605,Jason Smith,house,R,RepJasonSmith,office
606,Lacy Clay,house,D,LacyClayMO1,campaign
607,Sam Graves,house,R,RepSamGraves,office
608,Vicky Hartzler,house,R,VickyHartzler,campaign
609,Vicky Hartzler,house,R,RepHartzler,office
610,Vicky Hartzler,house,R,VickyHartzlerMO,campaign
611,Gregorio Sablan,house,D,Kilili_Sablan,office
612,Bennie Thompson,house,D,BennieGThompson,office
613,Bennie Thompson,house,D,BGThompsonMS,campaign
614,Gregg Harper,house,R,GreggHarper,office
615,Gregg Harper,house,R,HarperCampaign,campaign
616,Michael Guest,house,R,RepMichaelGuest,office
617,Michael Guest,house,R,GuestCongress,campaign
618,Steven Palazzo,house,R,StevenPalazzo,campaign
619,Steven Palazzo,house,R,CongPalazzo,office
620,Trent Kelly,house,R,KellyforMS01,campaign
621,Trent Kelly,house,R,RepTrentKelly,office
622,Greg Gianforte,house,R,gianforte,office
623,Greg Gianforte,house,R,GregForMontana,campaign
624,Matthew Rosendale,house,R,MattForMontana,campaign
625,Matthew Rosendale,house,R,RepRosendale,office
626,Alma Adams,house,D,AlmaforCongress,campaign
627,Alma Adams,house,D,RepAdams,office
628,Dan Bishop,house,R,jdanbishop,campaign
629,Dan Bishop,house,R,RepDanBishop,office
630,David Cawthorn,house,R,RepCawthorn,office
631,David Cawthorn,house,R,CawthornforNC,campaign
632,David Price,house,D,RepDavidEPrice,office
633,David Price,house,D,DPrice4Congress,campaign
634,David Rouzer,house,R,DavidRouzer,campaign
635,David Rouzer,house,R,RepDavidRouzer,office
636,Deborah Ross,house,D,DeborahRossNC,campaign
637,Deborah Ross,house,D,RepDeborahRoss,office
638,G.K. Butterfield,house,D,GKButterfield,office
639,George Holding,house,R,GeorgeHolding,campaign
640,George Holding,house,R,RepHolding,office
641,Greg Murphy,house,R,RepGregMurphy,office
642,Greg Murphy,house,R,GregMurphyMD,campaign
643,Kathy Manning,house,D,RepKManning,office
644,Kathy Manning,house,D,KathyManningNC,campaign
645,Mark Meadows,house,R,TeamMeadows,campaign
646,Mark Meadows,house,R,MarkMeadows,office
647,Mark Meadows,house,R,Ma_15855744287,campaign
648,Mark Walker,house,R,Walker4NC,campaign
649,Mark Walker,house,R,RepMarkWalker,office
650,Patrick McHenry,house,R,PatrickMcHenry,office
651,Patrick McHenry,house,R,McHenryCampaign,campaign
652,Richard Hudson,house,R,RichHudson,campaign
653,Richard Hudson,house,R,RepRichHudson,office
654,Robert Pittenger,house,R,RobertPittenger,campaign
655,Robert Pittenger,house,R,reppittenger,office
656,Ted Budd,house,R,RepTedBudd,office
657,Ted Budd,house,R,TedBuddNC,campaign
658,Virginia Foxx,house,R,virginiafoxx,office
659,Virginia Foxx,house,R,foxxforcongress,campaign
660,Walter B. Jones,house,R,RepWalterJones,office
661,Walter B. Jones,house,R,WalterJones2018,campaign
662,Kelly Armstrong,house,R,RepArmstrongND,office
663,Kelly Armstrong,house,R,Armstrong_ND,campaign
664,Adrian Smith,house,R,RepAdrianSmith,office
665,Don Bacon,house,R,DonJBacon,campaign
666,Don Bacon,house,R,RepDonBacon,office
667,Jeff Fortenberry,house,R,JeffFortenberry,office
668,Jeff Fortenberry,house,R,supportfortNE,campaign
669,Annie Kuster,house,D,AnnMcLaneKuster,campaign
670,Annie Kuster,house,D,RepAnnieKuster,office
671,Carol Shea-Porter,house,D,RepSheaPorter,office
672,Carol Shea-Porter,house,D,TeamSheaPorter,campaign
673,Chris Pappas,house,D,ChrisPappasNH,campaign
674,Chris Pappas,house,D,RepChrisPappas,office
675,Chris Pappas,house,D,TeamPappasNH,campaign
676,Albio Sires,house,D,RepSires,office
677,Albio Sires,house,D,AlbioSiresNJ,campaign
678,Andy Kim,house,D,AndyKimNJ,campaign
679,Andy Kim,house,D,RepAndyKimNJ,office
680,Bill Pascrell,house,D,BillPascrell,office
681,Bill Pascrell,house,D,PascrellforNJ,campaign
682,Bonnie Watson Coleman,house,D,Bonnie4Congress,campaign
683,Bonnie Watson Coleman,house,D,RepBonnie,office
684,Chris Smith,house,R,RepChrisSmith,office
685,Donald Norcross,house,D,DonNorcross4NJ,campaign
686,Donald Norcross,house,D,DonaldNorcross,office
687,Donald Payne Jr,house,D,DonaldPayneJr,campaign
688,Donald Payne Jr,house,D,RepDonaldPayne,office
689,Frank LoBiondo,house,R,TeamLoBiondo,campaign
690,Frank LoBiondo,house,R,RepLoBiondo,office
691,Frank Pallone,house,D,FrankPallone,office
692,Frank Pallone,house,D,pallonefornj,campaign
693,Jeff Van Drew,house,R,CongressmanJVD,office
694,Jeff Van Drew,house,R,VanDrewForNJ,campaign
695,Josh Gottheimer,house,D,JoshGottheimer,campaign
696,Josh Gottheimer,house,D,RepJoshG,office
697,Leonard Lance,house,R,LeonardLanceNJ7,campaign
698,Leonard Lance,house,R,RepLanceNJ7,office
699,Mikie Sherrill,house,D,MikieSherrill,campaign
700,Mikie Sherrill,house,D,RepSherrill,office
701,Rodney Frelinghuysen,house,R,USRepRodney,office
702,Tom MacArthur,house,R,tmac4congress,campaign
703,Tom MacArthur,house,R,RepTomMacArthur,office
704,Tom Malinowski,house,D,RepMalinowski,office
705,Tom Malinowski,house,D,Malinowski,campaign
706,Deb Haaland,house,D,DebHaalandNM,campaign
707,Deb Haaland,house,D,RepDebHaaland,office
708,Michelle Lujan Grisham,house,D,Michelle4NM,campaign
709,Michelle Lujan Grisham,house,D,RepLujanGrisham,office
710,Stella Herrell,house,R,RepHerrell,office
711,Stella Herrell,house,R,Yvette4congress,campaign
712,Steve Pearce,house,R,Pearce4NM,campaign
713,Steve Pearce,house,R,RepStevePearce,office
714,Teresa Fernandez,house,D,RepTeresaLF,office
715,Teresa Fernandez,house,D,TeresaForNM,campaign
716,Xochitl Torres Small,house,D,XochforCongress,campaign
717,Xochitl Torres Small,house,D,RepTorresSmall,office
718,Dina Titus,house,D,dinatitus,campaign
719,Dina Titus,house,D,repdinatitus,office
720,Mark Amodei,house,R,AmodeiForNevada,campaign
721,Mark Amodei,house,R,MarkAmodeiNV2,office
722,Ruben Kihuen,house,D,RubenKihuen,campaign
723,Ruben Kihuen,house,D,RepKihuen,office
724,Steven Horsford,house,D,StevenHorsford,campaign
725,Steven Horsford,house,D,RepHorsford,office
726,Susie Lee,house,D,SusieLeeNV,campaign
727,Susie Lee,house,D,RepSusieLee,office
728,Adriano Espaillat,house,D,EspaillatNY,campaign
729,Adriano Espaillat,house,D,CongEspaillat,office
730,Adriano Espaillat,house,D,RepEspaillat,office
731,Alexandria Ocasio-Cortez,house,D,AOC,campaign
732,Alexandria Ocasio-Cortez,house,D,RepAOC,office
733,Alexandria Ocasio-Cortez,house,D,aocenespanol,campaign
734,Andrew Garbarino,house,R,RepGarbarino,office
735,Andrew Garbarino,house,R,GarbarinoforNY,campaign
736,Anthony Brindisi,house,D,ABrindisiNY,campaign
737,Anthony Brindisi,house,D,RepBrindisi,office
738,Antonio Delgado,house,D,repdelgado,office
739,Antonio Delgado,house,D,DelgadoforNY19,campaign
740,Brian Higgins,house,D,RepBrianHiggins,office
741,Brian Higgins,house,D,Higgins4WNY,campaign
742,Carolyn Maloney,house,D,CarolynBMaloney,campaign
743,Carolyn Maloney,house,D,RepMaloney,office
744,Chris Collins,house,R,CollinsNY27,campaign
745,Chris Collins,house,R,RepChrisCollins,office
746,Chris Jacobs,house,R,RepJacobs,office
747,Chris Jacobs,house,R,JacobsNY27,campaign
748,Claudia Tenney,house,R,claudiatenney,campaign
749,Claudia Tenney,house,R,RepTenney,office
750,Dan Donovan,house,R,dandonovan_ny,campaign
751,Dan Donovan,house,R,RepDanDonovan,office
752,Eliot Engel,house,D,RepEliotEngel,office
753,Eliot Engel,house,D,TeamEngel,campaign
754,Elise Stefanik,house,R,EliseStefanik,campaign
755,Elise Stefanik,house,R,RepStefanik,office
756,Grace Meng,house,D,Grace4NY,campaign
757,Grace Meng,house,D,RepGraceMeng,office
758,Gregory Meeks,house,D,RepGregoryMeeks,office
759,Gregory Meeks,house,D,GregMeeksNYC,campaign
760,Hakeem Jeffries,house,D,RepJeffries,office
761,Hakeem Jeffries,house,D,hakeemjeffries,campaign
762,Jamaal Bowman,house,D,RepBowman,office
763,Jamaal Bowman,house,D,JamaalBowmanNY,campaign
764,Jerrold Nadler,house,D,RepJerryNadler,office
765,Jerrold Nadler,house,D,JerryNadler,campaign
766,John Faso,house,R,JohnFasoNy,campaign
767,John Faso,house,R,RepJohnFaso,office
768,John Katko,house,R,RepJohnKatko,office
769,Jose E. Serrano,house,D,RepJoseSerrano,office
770,Jose E. Serrano,house,D,serranocongress,campaign
771,Joseph Crowley,house,D,repjoecrowley,office
772,Joseph Crowley,house,D,JoeCrowleyforNY,campaign
773,Joseph Morelle,house,D,JoeMorelle,office
774,Joseph Morelle,house,D,VoteMorelle,campaign
775,Joseph Morelle,house,D,RepJoeMorelle,office
776,Kathleen Rice,house,D,KathleenRice,campaign
777,Kathleen Rice,house,D,RepKathleenRice,office
778,Lee Zeldin,house,R,leezeldin,campaign
779,Lee Zeldin,house,R,RepLeeZeldin,office
780,Louise Slaughter,house,D,louiseslaughter,office
781,Louise Slaughter,house,D,VoteLouiseNY,campaign
782,Max Rose,house,D,RepMaxRose,office
783,Max Rose,house,D,MaxRose4NY,campaign
784,Mondaire Jones,house,D,RepMondaire,office
785,Mondaire Jones,house,D,MondaireJones,campaign
786,Nicole Malliotakis,house,R,NMalliotakis,campaign
787,Nicole Malliotakis,house,R,RepMalliotakis,office
788,Nita Lowey,house,D,NitaLowey,office
789,Nita Lowey,house,D,Lowey4Congress,campaign
790,Nydia Velazquez,house,D,NydiaVelazquez,office
791,Nydia Velazquez,house,D,ReElectNydia,campaign
792,Paul Tonko,house,D,RepPaulTonko,office
793,Paul Tonko,house,D,PaulTonko,campaign
794,Peter T. King,house,R,RepPeteKing,office
795,Peter T. King,house,R,petekingcpg,campaign
796,Ritchie Torres,house,D,RitchieTorres,campaign
797,Ritchie Torres,house,D,RepRitchie,office
798,Sean Maloney,house,D,spmaloney,campaign
799,Sean Maloney,house,D,RepSeanMaloney,office
800,Thomas Suozzi,house,D,Tom_Suozzi,campaign
801,Thomas Suozzi,house,D,RepTomSuozzi,office
802,Tom Reed,house,R,TomReedCongress,campaign
803,Tom Reed,house,R,TomReedNY23,office
804,Yvette Clarke,house,D,RepYvetteClarke,office
805,Yvette Clarke,house,D,VoteYvette,campaign
806,Anthony Gonzalez,house,R,RepAGonzalez,office
807,Anthony Gonzalez,house,R,anthonygonzalez,campaign
808,Bill Johnson,house,R,JohnsonLeads,campaign
809,Bill Johnson,house,R,RepBillJohnson,office
810,Bob Gibbs,house,R,Bob_Gibbs,campaign
811,Bob Gibbs,house,R,RepBobGibbs,office
812,Bob Latta,house,R,boblatta,office
813,Bob Latta,house,R,latta4congress,campaign
814,Brad Wenstrup,house,R,bradwenstrup,campaign
815,Brad Wenstrup,house,R,RepBradWenstrup,office
816,David Joyce,house,R,DaveJoyceOH14,campaign
817,David Joyce,house,R,RepDaveJoyce,office
818,Jim Jordan,house,R,Jim_Jordan,office
819,Jim Jordan,house,R,Votejimjordan,campaign
820,Jim Renacci,house,R,RepJimRenacci,office
821,Jim Renacci,house,R,JimRenacci,campaign
822,Joyce Beatty,house,D,JoyceBeatty,campaign
823,Joyce Beatty,house,D,RepBeatty,office
824,Marcia Fudge,house,D,mlfudge,campaign
825,Marcia Fudge,house,D,RepMarciaFudge,office
826,Marcy Kaptur,house,D,Marcy_Kaptur,campaign
827,Marcy Kaptur,house,D,RepMarcyKaptur,office
828,Mike Turner,house,R,RepMikeTurner,office
829,Mike Turner,house,R,MikeTurnerOH,campaign
830,Pat Tiberi,house,R,TeamTiberi,campaign
831,Pat Tiberi,house,R,PatTiberi,office
832,Steve Chabot,house,R,SteveChabot,campaign
833,Steve Chabot,house,R,RepSteveChabot,office
834,Steve Stivers,house,R,stevestivers,campaign
835,Steve Stivers,house,R,RepSteveStivers,office
836,Tim Ryan,house,D,RepTimRyan,office
837,Tim Ryan,house,D,TimRyan,campaign
838,Troy Balderson,house,R,Troy_Balderson,campaign
839,Troy Balderson,house,R,RepBalderson,office
840,Warren Davidson,house,R,WarrenDavidson,office
841,Warren Davidson,house,R,Vote_Davidson,campaign
842,Frank Lucas,house,R,RepFrankLucas,office
843,Frank Lucas,house,R,FrankDLucas,campaign
844,Jim Bridenstine,house,R,Bridenstine4OK,campaign
845,Jim Bridenstine,house,R,RepJBridenstine,office
846,Kendra Horn,house,D,KendraSHorn,office
847,Kendra Horn,house,D,HornForCongress,campaign
848,Kevin Hern,house,R,krhern,campaign
849,Kevin Hern,house,R,repkevinhern,office
850,Markwayne Mullin,house,R,MarkwayneMullin,campaign
851,Markwayne Mullin,house,R,RepMullin,office
852,Stephanie Bice,house,R,stephaniebice,campaign
853,Stephanie Bice,house,R,RepBice,office
854,Steve Russell,house,R,SteveRussellOK,campaign
855,Steve Russell,house,R,RepRussell,office
856,Tom Cole,house,R,TomColeOK04,office
857,Tom Cole,house,R,ColeForCongress,campaign
858,Cliff Bentz,house,R,RepBentz,office
859,Cliff Bentz,house,R,CliffBentz,campaign
860,Earl Blumenauer,house,D,repblumenauer,campaign
861,Earl Blumenauer,house,D,BlumenauerMedia,office
862,Greg Walden,house,R,repgregwalden,office
863,Greg Walden,house,R,gregwalden,campaign
864,Kurt Schrader,house,D,RepSchrader,office
865,Kurt Schrader,house,D,VoteSchrader,campaign
866,Peter DeFazio,house,D,DeFazio4Oregon,campaign
867,Peter DeFazio,house,D,RepPeterDeFazio,office
868,Suzanne Bonamici,house,D,RepBonamici,office
869,Bill Shuster,house,R,RepBillShuster,office
870,Bill Shuster,house,R,ShusterForPA9,campaign
871,Bob Brady,house,D,RepBrady,office
872,Bob Brady,house,D,BradyforPhilly,campaign
873,Brendan Boyle,house,D,RepBrendanBoyle,campaign
874,Brendan Boyle,house,D,CongBoyle,office
875,Brian Fitzpatrick,house,R,RepBrianFitz,office
876,Brian Fitzpatrick,house,R,BrianFitzUSA,campaign
877,Charlie Dent,house,R,DentforCongress,campaign
878,Charlie Dent,house,R,RepCharlieDent,office
879,Chrissy Houlahan,house,D,RepHoulahan,office
880,Chrissy Houlahan,house,D,HoulahanForPA,campaign
881,Conor Lamb,house,D,RepConorLamb,office
882,Conor Lamb,house,D,ConorLambPA,campaign
883,Dan Meuser,house,R,RepMeuser,office
884,Dan Meuser,house,R,Meuser4Congress,campaign
885,Dwight Evans,house,D,RepDwightEvans,office
886,Dwight Evans,house,D,DwightEvansPA,campaign
887,Fred Keller,house,R,RepFredKeller,office
888,Fred Keller,house,R,VoteFredKeller,campaign
889,Glenn Thompson,house,R,CongressmanGT,office
890,Glenn Thompson,house,R,GT_TeamGT,campaign
891,Guy Reschenthaler,house,R,reschenthaler,campaign
892,Guy Reschenthaler,house,R,GReschenthaler,office
893,John Joyce,house,R,RepJohnJoyce,office
894,John Joyce,house,R,JohnJoyceForPA,campaign
895,Keith Rothfus,house,R,KeithRothfus,office
896,Lloyd Smucker,house,R,RepSmucker,office
897,Lloyd Smucker,house,R,LloydSmuckerPA,campaign
898,Lou Barletta,house,R,louforsenate,campaign
899,Lou Barletta,house,R,RepLouBarletta,office
900,Madeleine Dean,house,D,RepDean,office
901,Madeleine Dean,house,D,MadeleineDean,campaign
902,Mary Scanlon,house,D,marygayscanlon,campaign
903,Mary Scanlon,house,D,RepMGS,office
904,Matt Cartwright,house,D,CartwrightPA,campaign
905,Matt Cartwright,house,D,RepCartwright,office
906,Michael F. Doyle,house,D,USRepMikeDoyle,office
907,Michael F. Doyle,house,D,rep_doyle,campaign
908,Mike Kelly,house,R,MikeKellyforPA,campaign
909,Mike Kelly,house,R,MikeKellyPA,office
910,Pat Meehan,house,R,PatMeehanPA,campaign
911,Pat Meehan,house,R,RepMeehan,office
912,Ryan Costello,house,R,RyanACostello,campaign
913,Ryan Costello,house,R,RepRyanCostello,office
914,Ryan Costello,house,R,RyanCostello,office
915,Scott Perry,house,R,RepScottPerry,office
916,Scott Perry,house,R,PatriotsPerry,campaign
917,Susan Wild,house,D,wildforcongress,campaign
918,Susan Wild,house,D,RepSusanWild,office
919,Tim Murphy,house,R,RepTimMurphy,office
920,Tim Murphy,house,R,TimMurphyPA,campaign
921,Tom Marino,house,R,Marino4Congress,campaign
922,Tom Marino,house,R,RepTomMarino,office
923,Jenniffer Gonzalez,house,R,Jenniffer2012,campaign
924,Jenniffer Gonzalez,house,R,JGO_2020,campaign
925,Jenniffer Gonzalez,house,R,RepJenniffer,office
926,David Cicilline,house,D,davidcicilline,campaign
927,David Cicilline,house,D,RepCicilline,office
928,Jim Langevin,house,D,JimLangevin,office
929,Jim Langevin,house,D,LangevinForRI,campaign
930,Jeff Duncan,house,R,Duncan4Congress,campaign
931,Jeff Duncan,house,R,RepJeffDuncan,office
932,Jim Clyburn,house,D,WhipClyburn,office
933,Jim Clyburn,house,D,ClyburnSC06,campaign
934,Joe Cunningham,house,D,RepCunningham,office
935,Joe Cunningham,house,D,JoeCunninghamSC,campaign
936,Joe Wilson,house,R,TeamJoeWilson,campaign
937,Joe Wilson,house,R,RepJoeWilson,office
938,Mark Sanford,house,R,MarkSanford,campaign
939,Mark Sanford,house,R,RepSanfordSC,office
940,Nancy Mace,house,R,RepNancyMace,office
941,Nancy Mace,house,R,NancyMace,campaign
942,Ralph Norman,house,R,RalphNorman,campaign
943,Ralph Norman,house,R,RepRalphNorman,office
944,Tom Rice,house,R,TomRiceSC7,campaign
945,Tom Rice,house,R,RepTomRice,office
946,Trey Gowdy,house,R,TGowdySC,office
947,Trey Gowdy,house,R,gowdy4congress,campaign
948,William Timmons,house,R,reptimmons,office
949,William Timmons,house,R,votetimmons,campaign
950,Dusty Johnson,house,R,DustyJohnson,campaign
951,Dusty Johnson,house,R,RepDustyJohnson,office
952,Kristi Noem,house,R,KristiNoem,campaign
953,Kristi Noem,house,R,RepKristiNoem,office
954,Chuck Fleischmann,house,R,chuck4congress,campaign
955,Chuck Fleischmann,house,R,RepChuck,office
956,David Kustoff,house,R,DavidKustoff,campaign
957,David Kustoff,house,R,repdavidkustoff,office
958,Diana Harshbarger,house,R,RepHarshbarger,office
959,Diana Harshbarger,house,R,DHarshbargerTN1,campaign
960,Diane Black,house,R,RepDianeBlack,office
961,Diane Black,house,R,DianeBlackTN,campaign
962,Jim Cooper,house,D,repjimcooper,office
963,Jim Cooper,house,D,coopforcongress,campaign
964,Jimmy Duncan,house,R,RepJohnDuncanJr,office
965,John Rose,house,R,RepJohnRose,office
966,John Rose,house,R,JohnRoseforTN,campaign
967,Mark Green,house,R,DrMarkGreen4TN,campaign
968,Mark Green,house,R,RepMarkGreen,office
969,Phil Roe,house,R,DrPhilRoe,office
970,Scott DesJarlais,house,R,tndesjarlais,campaign
971,Scott DesJarlais,house,R,DesJarlaisTN04,office
972,Steve Cohen,house,D,ReElectCohen,campaign
973,Steve Cohen,house,D,RepCohen,office
974,Tim Burchett,house,R,timburchett,campaign
975,Tim Burchett,house,R,RepTimBurchett,office
976,Al Green,house,D,RepAlGreen,office
977,Al Green,house,D,RepAlGreenTX,office
978,August Pfluger,house,R,RepPfluger,office
979,August Pfluger,house,R,AugustPfluger,campaign
980,Beth Van Duyne,house,R,Bethvanduyne,campaign
981,Beth Van Duyne,house,R,RepBethVanDuyne,office
982,Beto O'Rourke,house,D,BetoORourke,campaign
983,Beto O'Rourke,house,D,RepBetoORourke,office
984,Bill Flores,house,R,Flores4Congress,campaign
985,Bill Flores,house,R,BillFloresTX,office
986,Blake Farenthold,house,R,farenthold,office
987,Blake Farenthold,house,R,Elect_Blake,campaign
988,Brian Babin,house,R,Babin4Congress,campaign
989,Brian Babin,house,R,RepBrianBabin,office
990,Chip Roy,house,R,chiproytx,campaign
991,Chip Roy,house,R,RepChipRoy,office
992,Colin Allred,house,D,ColinAllredTX,campaign
993,Colin Allred,house,D,RepColinAllred,office
994,Dan Crenshaw,house,R,RepDanCrenshaw,office
995,Dan Crenshaw,house,R,DanCrenshawTX,campaign
996,Eddie Bernice Johnson,house,D,RepEBJ,office
997,Ernest Gonzales,house,R,RepTonyGonzales,office
998,Ernest Gonzales,house,R,TonyGonzales4TX,campaign
999,Filemon Vela,house,D,FilemonVela,campaign
1000,Filemon Vela,house,D,RepFilemonVela,office
1001,Gene Green,house,D,RepGeneGreen,office
1002,Gene Green,house,D,GeneGreen29,campaign
1003,Henry Cuellar,house,D,RepCuellar,office
1004,Henry Cuellar,house,D,CuellarCampaign,campaign
1005,Jeb Hensarling,house,R,RepHensarling,office
1006,Jeb Hensarling,house,R,JebHensarling,campaign
1007,Joaquin Castro,house,D,JoaquinCastrotx,office
1008,Joaquin Castro,house,D,Castro4Congress,campaign
1009,Jodey Arrington,house,R,JodeyArrington,campaign
1010,Jodey Arrington,house,R,RepArrington,office
1011,Joe Barton,house,R,RepJoeBarton,office
1012,Joe Barton,house,R,Barton4Congress,campaign
1013,John Carter,house,R,JudgeCarter,office
1014,John Carter,house,R,RepJohnCarter,campaign
1015,John Carter,house,R,JudgeJohnCarter,campaign
1016,John Culberson,house,R,johnculberson,campaign
1017,John Culberson,house,R,CongCulberson,office
1018,John Ratcliffe,house,R,RatcliffeTX4,campaign
1019,John Ratcliffe,house,R,RepRatcliffe,office
1020,Kay Granger,house,R,RepKayGranger,office
1021,Kay Granger,house,R,kay_granger,campaign
1022,Kenny Marchant,house,R,RepKenMarchant,office
1023,Kenny Marchant,house,R,MarchantforTX24,campaign
1024,Kevin Brady,house,R,RepKevinBrady,office
1025,Kevin Brady,house,R,bradyfortexas,campaign
1026,Lamar Smith,house,R,LamarSmithTX21,office
1027,Lamar Smith,house,R,TexansforLamar,campaign
1028,Lance Gooden,house,R,RepLanceGooden,office
1029,Lance Gooden,house,R,Lancegooden,campaign
1030,Lizzie Fletcher,house,D,RepFletcher,office
1031,Lizzie Fletcher,house,D,Lizzie4Congress,campaign
1032,Lloyd Doggett,house,D,RepLloydDoggett,office
1033,Lloyd Doggett,house,D,LloydDoggettTX,campaign
1034,Louie Gohmert,house,R,replouiegohmert,office
1035,Louie Gohmert,house,R,LouieGohmertTX1,campaign
1036,Mac Thornberry,house,R,MacTXPress,office
1037,Mac Thornberry,house,R,MacThornberry,campaign
1038,Mark Veasey,house,D,MarcVeasey,campaign
1039,Mark Veasey,house,D,RepVeasey,office
1040,Michael C. Burgess,house,R,michaelcburgess,office
1041,Michael C. Burgess,house,R,DrBurgessTX,campaign
1042,Michael Cloud,house,R,michaeljcloud,campaign
1043,Michael Cloud,house,R,RepCloudTX,office
1044,Michael McCaul,house,R,RepMcCaul,office
1045,Michael McCaul,house,R,McCaulforTexas,campaign
1046,Mike Conaway,house,R,ConawayTX11,office
1047,Patrick Fallon,house,R,FallonForTexas,campaign
1048,Patrick Fallon,house,R,RepPatFallon,office
1049,Pete Olson,house,R,PeteOlson,campaign
1050,Pete Olson,house,R,RepPeteOlson,office
1051,Pete Sessions,house,R,PeteSessions,office
1052,Pete Sessions,house,R,SessionsTX17,campaign
1053,Randy Weber,house,R,WeberforTexas,campaign
1054,Randy Weber,house,R,TXRandy14,office
1055,Roger Williams,house,R,RogerWilliamsTX,campaign
1056,Roger Williams,house,R,RepRWilliams,office
1057,Ron Wright,house,R,RepRonWright,office
1058,Ron Wright,house,R,ron4congress,campaign
1059,Ronny Jackson,house,R,RepRonnyJackson,office
1060,Ronny Jackson,house,R,RonnyJacksonTX,campaign
1061,Sam Johnson,house,R,SamsPressShop,office
1062,Sheila Jackson Lee,house,D,JacksonLeeTX18,office
1063,Sheila Jackson Lee,house,D,JacksonLee18,campaign
1064,Sheila Jackson Lee,house,D,sjl4hrc,campaign
1065,Sylvia Garcia,house,D,LaCongresista,campaign
1066,Sylvia Garcia,house,D,RepSylviaGarcia,office
1067,Ted Poe,house,R,JudgeTedPoe,office
1068,Troy Nehls,house,R,SheriffTNehls,campaign
1069,Troy Nehls,house,R,RepTroyNehls,office
1070,Van Taylor,house,R,VanTaylorTX,campaign
1071,Van Taylor,house,R,RepVanTaylor,office
1072,Veronica Escobar,house,D,vgescobar,campaign
1073,Veronica Escobar,house,D,RepEscobar,office
1074,Vicente Gonzalez,house,D,RepGonzalez,office
1075,Vicente Gonzalez,house,D,VoteVicente,campaign
1076,Will Hurd,house,R,WillHurd,campaign
1077,Will Hurd,house,R,HurdOnTheHill,office
1078,Ben McAdams,house,D,BenMcAdams,campaign
1079,Ben McAdams,house,D,BenMcAdamsUT,office
1080,Blake Moore,house,R,ElectBlakeMoore,campaign
1081,Blake Moore,house,R,RepBlakeMoore,office
1082,Chris Stewart,house,R,StewartforUtah,campaign
1083,Chris Stewart,house,R,RepChrisStewart,office
1084,Clarence Owens,house,R,BurgessOwens,campaign
1085,Clarence Owens,house,R,RepBurgessOwens,office
1086,Jason Chaffetz,house,R,jasoninthehouse,office
1087,John Curtis,house,R,CurtisUT,campaign
1088,John Curtis,house,R,RepJohnCurtis,office
1089,Mia Love,house,R,MiaBLove,campaign
1090,Mia Love,house,R,RepMiaLove,office
1091,Rob Bishop,house,R,RepRobBishop,office
1092,Rob Bishop,house,R,RobBishopUT,campaign
1093,Abigail Spanberger,house,D,RepSpanberger,office
1094,Abigail Spanberger,house,D,SpanbergerVA07,campaign
1095,Barbara Comstock,house,R,BarbaraComstock,campaign
1096,Barbara Comstock,house,R,RepComstock,office
1097,Ben Cline,house,R,Cline4Virginia,campaign
1098,Ben Cline,house,R,RepBenCline,office
1099,Bob Goodlatte,house,R,RepGoodlatte,office
1100,Bob Goodlatte,house,R,BobGoodlatte6,campaign
1101,Bobby Scott,house,D,BobbyScott,office
1102,Bobby Scott,house,D,BobbyScott4VA3,campaign
1103,Dave Brat,house,R,DaveBratVA7th,campaign
1104,Dave Brat,house,R,RepDaveBrat,office
1105,Denver Riggleman,house,R,RepRiggleman,office
1106,Denver Riggleman,house,R,Denver4VA,campaign
1107,Don Beyer,house,D,DonBeyerVA,campaign
1108,Don Beyer,house,D,RepDonBeyer,office
1109,Donald McEachin,house,D,Donald_McEachin,campaign
1110,Donald McEachin,house,D,RepMcEachin,office
1111,Elaine Luria,house,D,RepElaineLuria,office
1112,Elaine Luria,house,D,ElaineLuriaVA,campaign
1113,Gerry Connolly,house,D,GerryConnolly,office
1114,Gerry Connolly,house,D,ElectConnolly,campaign
1115,Jennifer Wexton,house,D,JenniferWexton,campaign
1116,Jennifer Wexton,house,D,RepWexton,office
1117,Morgan Griffith,house,R,MorganGriffith,campaign
1118,Morgan Griffith,house,R,RepMGriffith,office
1119,Rob Wittman,house,R,RobWittman,office
1120,Rob Wittman,house,R,ReElectWittman,campaign
1121,Robert Good,house,R,RepBobGood,office
1122,Robert Good,house,R,GoodForCongress,campaign
1123,Scott Taylor,house,R,Scotttaylorva,campaign
1124,Scott Taylor,house,R,RepScottTaylor,office
1125,Tom Garrett Jr.,house,R,GarrettforVA,campaign
1126,Tom Garrett Jr.,house,R,RepTomGarrett,office
1127,Stacey Plaskett,house,D,StaceyPlaskett,office
1128,Peter Welch,house,D,WelchForVT,campaign
1129,Peter Welch,house,D,PeterWelch,office
1130,Adam Smith,house,D,electadamsmith,campaign
1131,Adam Smith,house,D,RepAdamSmith,office
1132,Cathy McMorris Rodgers,house,R,cathymcmorris,office
1133,Cathy McMorris Rodgers,house,R,TeamCMR,campaign
1134,Dan Newhouse,house,R,Newhouse4Rep,campaign
1135,Dan Newhouse,house,R,RepNewhouse,office
1136,Dave Reichert,house,R,davereichert,office
1137,Dave Reichert,house,R,TeamReichert,campaign
1138,Denny Heck,house,D,DennyHeck,campaign
1139,Denny Heck,house,D,RepDennyHeck,office
1140,Derek Kilmer,house,D,DerekKilmer,campaign
1141,Derek Kilmer,house,D,RepDerekKilmer,office
1142,Jaime Herrera Beutler,house,R,JaimeForUSRep,campaign
1143,Jaime Herrera Beutler,house,R,HerreraBeutler,office
1144,Kim Schrier,house,D,RepKimSchrier,office
1145,Kim Schrier,house,D,DrKimSchrier,campaign
1146,Marilyn Strickland,house,D,RepStricklandWA,office
1147,Marilyn Strickland,house,D,StricklandforWA,campaign
1148,Pramila Jayapal,house,D,PramilaJayapal,campaign
1149,Pramila Jayapal,house,D,RepJayapal,office
1150,Rick Larsen,house,D,larsenrick,campaign
1151,Rick Larsen,house,D,RepRickLarsen,office
1152,Suzan DelBene,house,D,SuzanDelBene,campaign
1153,Suzan DelBene,house,D,RepDelBene,office
1154,Bryan Steil,house,R,RepBryanSteil,office
1155,Bryan Steil,house,R,BryanSteil,campaign
1156,Glenn Grothman,house,R,GrothmanforWI,campaign
1157,Glenn Grothman,house,R,RepGrothman,office
1158,Gwen Moore,house,D,RepGwenMoore,office
1159,Gwen Moore,house,D,Gwen4Congress,campaign
1160,Jim Sensenbrenner,house,R,JimPressOffice,office
1161,Mark Pocan,house,D,MarkPocan,campaign
1162,Mark Pocan,house,D,repmarkpocan,office
1163,Mike Gallagher,house,R,MikeforWI,campaign
1164,Mike Gallagher,house,R,RepGallagher,office
1165,Paul Ryan,house,R,SpeakerRyan,office
1166,Paul Ryan,house,R,PRyan,office
1167,Ron Kind,house,D,RepRonKind,office
1168,Ron Kind,house,D,KindforCongress,campaign
1169,Scott Fitzgerald,house,R,RepFitzgerald,office
1170,Scott Fitzgerald,house,R,FitzgeraldForWI,campaign
1171,Sean Duffy,house,R,Duffy4Wisconsin,campaign
1172,Sean Duffy,house,R,RepSeanDuffy,office
1173,Thomas Tiffany,house,R,TomTiffanyWI,campaign
1174,Thomas Tiffany,house,R,RepTiffany,office
1175,Alex Mooney,house,R,MooneyforWV,campaign
1176,Alex Mooney,house,R,RepAlexMooney,office
1177,Carol Miller,house,R,CarolMillerWV,campaign
1178,Carol Miller,house,R,RepCarolMiller,office
1179,David McKinley,house,R,mckinley4cong,campaign
1180,David McKinley,house,R,RepMcKinley,office
1181,David McKinley,house,R,McKinleyforWV,campaign
1182,Evan Jenkins,house,R,EvanJenkinsWV,campaign
1183,Evan Jenkins,house,R,RepEvanJenkins,office
1184,Liz Cheney,house,R,Liz_Cheney,campaign
1185,Liz Cheney,house,R,RepLizCheney,office
1186,Dan Sullivan,senate,R,DanSullivan_AK,campaign
1187,Dan Sullivan,senate,R,SenDanSullivan,office
1188,Lisa Murkowski,senate,R,lisamurkowski,office
1189,Lisa Murkowski,senate,R,LisaForSenate,campaign
1190,Doug Jones,senate,D,DougJones,campaign
1191,Doug Jones,senate,D,SenDougJones,office
1192,Doug Jones,senate,D,DougJonesHQ,campaign
1193,Luther Strange,senate,R,lutherstrange,campaign
1194,Luther Strange,senate,R,SenatorStrange,office
1195,Richard Shelby,senate,R,SenShelby,office
1196,Richard Shelby,senate,R,ShelbyForSenate,campaign
1197,Tommy Tuberville,senate,R,TTuberville,campaign
1198,Tommy Tuberville,senate,R,SenTuberville,office
1199,John Boozman,senate,R,JohnBoozman,office
1200,John Boozman,senate,R,Boozman4AR,campaign
1201,Tom Cotton,senate,R,TomCottonAR,campaign
1202,Tom Cotton,senate,R,SenTomCotton,office
1203,Jeff Flake,senate,R,JeffFlake,office
1204,Jeff Flake,senate,R,TeamFlake,campaign
1205,Jeff Flake,senate,R,FlakeforSenate,campaign
1206,John McCain,senate,R,TeamMcCain,campaign
1207,John McCain,senate,R,SenJohnMcCain,office
1208,Kyrsten Sinema,senate,D,kyrstensinema,campaign
1209,Kyrsten Sinema,senate,D,SenatorSinema,office
1210,Mark Kelly,senate,D,CaptMarkKelly,campaign
1211,Mark Kelly,senate,D,SenMarkKelly,office
1212,Martha McSally,senate,R,MarthaMcSallyAZ,campaign
1213,Martha McSally,senate,R,MarthaMcSally,office
1214,Martha McSally,senate,R,TeamMcSally,campaign
1215,Alex Padilla,senate,D,AlexPadilla4CA,campaign
1216,Alex Padilla,senate,D,SenAlexPadilla,office
1217,Dianne Feinstein,senate,D,DianneFeinstein,campaign
1218,Dianne Feinstein,senate,D,SenFeinstein,office
1219,Kamala Harris,senate,D,KamalaHarris,campaign
1220,Kamala Harris,senate,D,VP,office
1221,Cory Gardner,senate,R,CoryGardner,campaign
1222,Cory Gardner,senate,R,SenCoryGardner,office
1223,John W. Hickenlooper,senate,D,Hickenlooper,campaign
1224,John W. Hickenlooper,senate,D,SenatorHick,office
1225,Michael Bennet,senate,D,MichaelBennet,campaign
1226,Michael Bennet,senate,D,SenatorBennet,office
1227,Chris Murphy,senate,D,ChrisMurphyCT,campaign
1228,Chris Murphy,senate,D,SenMurphyOffice,office
1229,Richard Blumenthal,senate,D,DickBlumenthal,campaign
1230,Richard Blumenthal,senate,D,SenBlumenthal,office
1231,Chris Coons,senate,D,ChrisCoons,campaign
1232,Chris Coons,senate,D,SenCoonsOffice,office
1233,Chris Coons,senate,D,ChrisCoonsforDE,campaign
1234,Tom Carper,senate,D,SenatorCarper,office
1235,Tom Carper,senate,D,TomCarperforDE,campaign
1236,Bill Nelson,senate,D,SenBillNelson,office
1237,Bill Nelson,senate,D,NelsonForSenate,campaign
1238,Marco Rubio,senate,R,marcorubio,campaign
1239,Marco Rubio,senate,R,SenRubioPress,office
1240,Rick Scott,senate,R,SenRickScott,office
1241,Rick Scott,senate,R,ScottforFlorida,campaign
1242,David Perdue,senate,R,Perduesenate,campaign
1243,David Perdue,senate,R,sendavidperdue,office
1244,David Perdue,senate,R,TeamPerdue,campaign
1245,Johnny Isakson,senate,R,SenatorIsakson,office
1246,Johnny Isakson,senate,R,JohnnyIsakson,campaign
1247,Jon Ossoff,senate,D,ossoff,campaign
1248,Jon Ossoff,senate,D,TeamOssoff,campaign
1249,Jon Ossoff,senate,D,SenOssoff,office
1250,Kelly Loeffler,senate,R,kloeffler,campaign
1251,Kelly Loeffler,senate,R,SenatorLoeffler,office
1252,Raphael G. Warnock,senate,D,ReverendWarnock,campaign
1253,Raphael G. Warnock,senate,D,SenatorWarnock,office
1254,Brian Schatz,senate,D,brianschatz,campaign
1255,Brian Schatz,senate,D,SenBrianSchatz,office
1256,Brian Schatz,senate,D,SchatzforHawaii,campaign
1257,Mazie Hirono,senate,D,maziehirono,office
1258,Mazie Hirono,senate,D,mazieforhawaii,campaign
1259,Chuck Grassley,senate,R,ChuckGrassley,office
1260,Chuck Grassley,senate,R,GrassleyWorks,campaign
1261,Chuck Grassley,senate,R,GrassleyPress,office
1262,Joni Ernst,senate,R,joniernst,campaign
1263,Joni Ernst,senate,R,TeamJoni,campaign
1264,Joni Ernst,senate,R,SenJoniErnst,office
1265,Jim Risch,senate,R,JimRisch,campaign
1266,Jim Risch,senate,R,SenatorRisch,office
1267,Jim Risch,senate,R,Risch4Idaho,campaign
1268,Mike Crapo,senate,R,crapoforsenate,campaign
1269,Mike Crapo,senate,R,MikeCrapo,office
1270,Dick Durbin,senate,D,SenatorDurbin,office
1271,Dick Durbin,senate,D,DickDurbin,campaign
1272,Tammy Duckworth,senate,D,TammyDuckworth_,campaign
1273,Tammy Duckworth,senate,D,TammyDuckworth,campaign
1274,Tammy Duckworth,senate,D,SenDuckworth,office
1275,Joe Donnelly,senate,D,SenDonnelly,office
1276,Joe Donnelly,senate,D,JoeforIndiana,campaign
1277,Mike Braun,senate,R,braun4indiana,campaign
1278,Mike Braun,senate,R,SenatorBraun,office
1279,Todd Young,senate,R,ToddYoungIN,campaign
1280,Todd Young,senate,R,SenToddYoung,office
1281,Jerry Moran,senate,R,JerryMoran,office
1282,Jerry Moran,senate,R,moranforkansas,campaign
1283,Pat Roberts,senate,R,SenPatRoberts,office
1284,Pat Roberts,senate,R,PatRoberts,campaign
1285,Roger Marshall,senate,R,RogerMarshallMD,campaign
1286,Roger Marshall,senate,R,RepMarshall,office
1287,Roger Marshall,senate,R,SenatorMarshall,office
1288,Mitch McConnell,senate,R,SRCC,office
1289,Mitch McConnell,senate,R,McConnellPress,office
1290,Mitch McConnell,senate,R,Team_Mitch,campaign
1291,Mitch McConnell,senate,R,LeaderMcConnell,office
1292,Rand Paul,senate,R,DrRandPaul,campaign
1293,Rand Paul,senate,R,RandPaul,office
1294,Bill Cassidy,senate,R,BillCassidy,campaign
1295,Bill Cassidy,senate,R,SenBillCassidy,office
1296,John Kennedy,senate,R,JohnKennedyLA,campaign
1297,John Kennedy,senate,R,SenJohnKennedy,office
1298,Ed Markey,senate,D,SenMarkey,office
1299,Ed Markey,senate,D,EdMarkey,campaign
1300,Elizabeth Warren,senate,D,ewarren,campaign
1301,Elizabeth Warren,senate,D,SenWarren,office
1302,Ben Cardin,senate,D,SenatorCardin,office
1303,Ben Cardin,senate,D,BenCardinforMD,campaign
1304,Chris Van Hollen,senate,D,ChrisVanHollen,office
1305,Chris Van Hollen,senate,D,VanHollenForMD,campaign
1306,Angus King,senate,I,AngusforMaine,campaign
1307,Angus King,senate,I,SenAngusKing,office
1308,Angus King,senate,I,AngusKing2018,campaign
1309,Susan Collins,senate,R,SenSusanCollins,campaign
1310,Susan Collins,senate,R,SenatorCollins,office
1311,Debbie Stabenow,senate,D,stabenow,campaign
1312,Debbie Stabenow,senate,D,SenStabenow,office
1313,Gary Peters,senate,D,GaryPeters,campaign
1314,Gary Peters,senate,D,SenGaryPeters,office
1315,Gary Peters,senate,D,TeamPetersHQ,campaign
1316,Al Franken,senate,D,alfranken,campaign
1317,Al Franken,senate,D,SenFranken,office
1318,Amy Klobuchar,senate,D,SenAmyKlobuchar,office
1319,Amy Klobuchar,senate,D,amyklobuchar,campaign
1320,Tina Smith,senate,D,TinaSmithMN,campaign
1321,Tina Smith,senate,D,SenTinaSmith,office
1322,Claire McCaskill,senate,D,clairecmc,campaign
1323,Claire McCaskill,senate,D,McCaskillOffice,office
1324,Claire McCaskill,senate,D,McCaskill4MO,campaign
1325,Josh Hawley,senate,R,HawleyMO,campaign
1326,Josh Hawley,senate,R,SenHawleyPress,office
1327,Josh Hawley,senate,R,TeamHawley,campaign
1328,Roy Blunt,senate,R,RoyBlunt,office
1329,Roy Blunt,senate,R,BluntBrigade,campaign
1330,Roy Blunt,senate,R,RoyBluntPress,office
1331,Roy Blunt,senate,R,RoyBluntMO,campaign
1332,Cindy Hyde-Smith,senate,R,cindyhydesmith,campaign
1333,Cindy Hyde-Smith,senate,R,SenHydeSmith,office
1334,Cindy Hyde-Smith,senate,R,TeamHydeSmith,campaign
1335,Roger Wicker,senate,R,RogerWicker,campaign
1336,Roger Wicker,senate,R,SenatorWicker,office
1337,Thad Cochran,senate,R,SenThadCochran,office
1338,Jon Tester,senate,D,jontester,campaign
1339,Jon Tester,senate,D,SenatorTester,office
1340,Steve Daines,senate,R,SteveDaines,office
1341,Steve Daines,senate,R,DainesforMT,campaign
1342,Richard Burr,senate,R,SenatorBurr,office
1343,Richard Burr,senate,R,BurrForSenate,campaign
1344,Thom Tillis,senate,R,ThomTillis,campaign
1345,Thom Tillis,senate,R,SenThomTillis,office
1346,Thom Tillis,senate,R,TeamTillis,campaign
1347,Thom Tillis,senate,R,VetsForTillis,campaign
1348,Heidi Heitkamp,senate,D,HeidiHeitkamp,campaign
1349,Heidi Heitkamp,senate,D,SenatorHeitkamp,office
1350,John Hoeven,senate,R,hoeven4senate,campaign
1351,John Hoeven,senate,R,SenJohnHoeven,office
1352,Kevin Cramer,senate,R,kevincramer,campaign
1353,Kevin Cramer,senate,R,SenKevinCramer,office
1354,Ben Sasse,senate,R,BenSasse,campaign
1355,Ben Sasse,senate,R,SenSasse,office
1356,Ben Sasse,senate,R,TeamSasse,campaign
1357,Deb Fischer,senate,R,DebFischerNE,campaign
1358,Deb Fischer,senate,R,DebSFischer,campaign
1359,Deb Fischer,senate,R,SenatorFischer,office
1360,Jeanne Shaheen,senate,D,JeanneShaheen,campaign
1361,Jeanne Shaheen,senate,D,SenatorShaheen,office
1362,Maggie Hassan,senate,D,Maggie_Hassan,campaign
1363,Maggie Hassan,senate,D,SenatorHassan,office
1364,Bob Menendez,senate,D,SenatorMenendez,office
1365,Bob Menendez,senate,D,BobMenendezNJ,campaign
1366,Cory Booker,senate,D,corybooker,campaign
1367,Cory Booker,senate,D,Booker4Senate,campaign
1368,Cory Booker,senate,D,SenBooker,office
1369,Ben Ray Lujan,senate,D,SenatorLujan,office
1370,Ben Ray Lujan,senate,D,benraylujan,campaign
1371,Martin Heinrich,senate,D,TeamHeinrich,campaign
1372,Martin Heinrich,senate,D,MartinHeinrich,office
1373,Tom Udall,senate,D,tomudall,campaign
1374,Tom Udall,senate,D,SenatorTomUdall,office
1375,Tom Udall,senate,D,TomUdallPress,campaign
1376,Catherine Cortez Masto,senate,D,CatherineForNV,campaign
1377,Catherine Cortez Masto,senate,D,SenCortezMasto,office
1378,Dean Heller,senate,R,DeanHeller,campaign
1379,Dean Heller,senate,R,SenDeanHeller,office
1380,Jacky Rosen,senate,D,SenJackyRosen,office
1381,Jacky Rosen,senate,D,RosenforNevada,campaign
1382,Chuck Schumer,senate,D,SenSchumer,office
1383,Chuck Schumer,senate,D,chuckschumer,campaign
1384,Kirsten Gillibrand,senate,D,SenGillibrand,campaign
1385,Kirsten Gillibrand,senate,D,gillibrandny,office
1386,Rob Portman,senate,R,senrobportman,office
1387,Rob Portman,senate,R,PortmanPress,office
1388,Rob Portman,senate,R,robportman,campaign
1389,Sherrod Brown,senate,D,SherrodBrown,campaign
1390,Sherrod Brown,senate,D,SenSherrodBrown,office
1391,James Lankford,senate,R,jameslankford,campaign
1392,James Lankford,senate,R,SenatorLankford,office
1393,Jim Inhofe,senate,R,JimInhofe,office
1394,Jim Inhofe,senate,R,InhofePress,office
1395,Jim Inhofe,senate,R,inhofeforsenate,campaign
1396,Jeff Merkley,senate,D,SenJeffMerkley,office
1397,Jeff Merkley,senate,D,JeffMerkley,campaign
1398,Ron Wyden,senate,D,WydenForOregon,campaign
1399,Ron Wyden,senate,D,RonWyden,office
1400,Ron Wyden,senate,D,WydenPress,office
1401,Bob Casey Jr.,senate,D,Bob_Casey,campaign
1402,Bob Casey Jr.,senate,D,SenBobCasey,office
1403,Pat Toomey,senate,R,PatToomey,campaign
1404,Pat Toomey,senate,R,SenToomey,office
1405,Jack Reed,senate,D,SenJackReed,office
1406,Jack Reed,senate,D,jackreed2020,campaign
1407,Sheldon Whitehouse,senate,D,SenWhitehouse,office
1408,Sheldon Whitehouse,senate,D,SheldonforRI,campaign
1409,Lindsey Graham,senate,R,GrahamBlog,office
1410,Lindsey Graham,senate,R,LindseyGrahamSC,campaign
1411,Tim Scott,senate,R,votetimscott,campaign
1412,Tim Scott,senate,R,SenatorTimScott,office
1413,Tim Scott,senate,R,TimScottSC,campaign
1414,John Thune,senate,R,johnthune,campaign
1415,John Thune,senate,R,SenJohnThune,office
1416,Mike Rounds,senate,R,RoundsforSenate,campaign
1417,Mike Rounds,senate,R,SenatorRounds,office
1418,Bill Hagerty,senate,R,BillHagertyTN,campaign
1419,Bill Hagerty,senate,R,SenatorHagerty,office
1420,Bob Corker,senate,R,SenBobCorker,office
1421,Bob Corker,senate,R,BobCorker,campaign
1422,Lamar Alexander,senate,R,LamarAlexander,campaign
1423,Lamar Alexander,senate,R,SenAlexander,office
1424,Marsha Blackburn,senate,R,VoteMarsha,campaign
1425,Marsha Blackburn,senate,R,MarshaBlackburn,office
1426,John Cornyn,senate,R,JohnCornyn,office
1427,John Cornyn,senate,R,TeamCornyn,campaign
1428,Ted Cruz,senate,R,tedcruz,campaign
1429,Ted Cruz,senate,R,SenTedCruz,office
1430,Ted Cruz,senate,R,TeamTedCruz,campaign
1431,Mike Lee,senate,R,SenMikeLee,office
1432,Mike Lee,senate,R,MikeLeeforUtah,campaign
1433,Mitt Romney,senate,R,MittRomney,campaign
1434,Mitt Romney,senate,R,SenatorRomney,office
1435,Mitt Romney,senate,R,Romney4Utah,campaign
1436,Orrin Hatch,senate,R,OrrinHatch,campaign
1437,Orrin Hatch,senate,R,senorrinhatch,office
1438,Mark Warner,senate,D,MarkWarner,office
1439,Mark Warner,senate,D,MarkWarnerVA,campaign
1440,Tim Kaine,senate,D,timkaine,office
1441,Tim Kaine,senate,D,SenKaineOffice,office
1442,Tim Kaine,senate,D,TeamKaine,campaign
1443,Bernie Sanders,senate,I,SenSanders,office
1444,Bernie Sanders,senate,I,BernieSanders,campaign
1445,Patrick Leahy,senate,D,SenatorLeahy,office
1446,Patrick Leahy,senate,D,PatrickLeahy,campaign
1447,Maria Cantwell,senate,D,MariaCantwell,campaign
1448,Maria Cantwell,senate,D,SenatorCantwell,office
1449,Patty Murray,senate,D,MurrayCampaign,campaign
1450,Patty Murray,senate,D,PattyMurray,office
1451,Ron Johnson,senate,R,RonJohnsonWI,campaign
1452,Ron Johnson,senate,R,SenRonJohnson,office
1453,Tammy Baldwin,senate,D,tammybaldwin,campaign
1454,Tammy Baldwin,senate,D,SenatorBaldwin,office
1455,Joe Manchin,senate,D,JoeManchinWV,campaign
1456,Joe Manchin,senate,D,Sen_JoeManchin,office
1457,Shelley Moore Capito,senate,R,CapitoforWV,campaign
1458,Shelley Moore Capito,senate,R,SenCapito,office
1459,Cynthia M. Lummis,senate,R,SenLummis,office
1460,Cynthia M. Lummis,senate,R,CynthiaMLummis,campaign
1461,John Barrasso,senate,R,SenJohnBarrasso,office
1462,John Barrasso,senate,R,barrassoforwyo,campaign
1463,Mike Enzi,senate,R,SenatorEnzi,office
1464,Mike Enzi,senate,R,EnziforWyo,campaign
